id,created_at,clean_text,sentiment,polarity
1.92496E+18,2025-05-20T23:01:00+00:00,Developers meet AI Edge Portal a new service to help streamline and accelerate testing your ondevice LiteRT ML models at scale on a diverse range of real mobile devices within Google Cloud,positive,0.168181818
1.92496E+18,2025-05-20T23:00:23+00:00,AI marketing strategies leverage machine learning and automation for better outcomes Discover how they enhance segmentation and efficiency at,positive,0.5
1.92496E+18,2025-05-20T23:00:06+00:00,Foundations of Machine Learning from MIT This 505pages book for beginners is FREE,positive,0.4
1.92496E+18,2025-05-20T23:00:02+00:00,Congreso internacional 14 al 18 de julio Auditorio Arturo Rosenblueth First Artificial Intelligence and Machine Learning Meeting Applications to Biological Sciences aiandmlmeetingcom,negative,-0.175
1.92496E+18,2025-05-20T22:59:56+00:00,ğ—£ğ—®ğ—¶ğ—± ğ—–ğ—¼ğ˜‚ğ—¿ğ˜€ğ—² ğ—™ğ—¥ğ—˜ğ—˜ PA 2 1 Artificial Intelligence Data Analyst 2 Machine Learning Data Science 3 Cloud Comput,negative,-0.6
1.92496E+18,2025-05-20T22:59:15+00:00,Its hard for people to get their criticism of 00s EY on 10s machine learning right when they havent themselves read 00s EY or the 10s machine learning publications Or read 10s EY and the 20s publications and so on,negative,-0.00297619
1.92496E+18,2025-05-20T22:59:14+00:00,Machine Learning Enhances Financial Security Measures Against Fraud and National Threats,neutral,0
1.92496E+18,2025-05-20T22:58:57+00:00,Something I noticed again this morning is that intelligence has a MASSIVE nonlinear component This is a built in limitation for machine learning and always will be In other words for all its capabilities it can only go so far,negative,-0.00625
1.92496E+18,2025-05-20T22:58:32+00:00,Cape Verde is fostering partnerships with global tech firms to bring advanced technologies such as AI and machine learning to local businesses and public services,positive,0.08
1.92496E+18,2025-05-20T22:57:54+00:00,This is why I say curiosity and a love of learning are dying Many people would rather be spoonfed misinformation by a,positive,0.5
1.92496E+18,2025-05-20T22:57:43+00:00,Foundations of Machine Learning from MIT This 505pages book for beginners is FREE,positive,0.4
1.92496E+18,2025-05-20T22:57:23+00:00,This is why I say curiosity and a love of learning are dying Many people would rather be spoonfed misinformation by a,positive,0.5
1.92496E+18,2025-05-20T22:56:40+00:00,This is why I say curiosity and a love of learning are dying Many people would rather be spoonfed misinformation by a,positive,0.5
1.92496E+18,2025-05-20T22:56:27+00:00,Intro to Machine Learning and Statistical Pattern Classification Advanced level machine Learning course taught by,positive,0.4
1.92496E+18,2025-05-20T22:55:42+00:00,Foundations of Machine Learning from MIT This 505pages book for beginners is FREE,positive,0.4
1.92496E+18,2025-05-20T22:55:39+00:00,Why would they know No you just have to explain how its machine learning using your input and order input is causing it to act the same on everyones device You dumb mother fucker,negative,-0.1875
1.92496E+18,2025-05-20T22:55:32+00:00,Patenting AI And Machine Learning In The Wake Of Recentive Law360,neutral,0
1.92496E+18,2025-05-20T22:55:32+00:00,Machine Learning Uncovers Key Risk Factors Behind Dementia in Parkinsons Patients,negative,-0.2
1.92496E+18,2025-05-20T22:55:31+00:00,MicroAlgo Inc Researches Quantum Machine Learning Algorithms to The Bakersfield Californian,neutral,0
1.92496E+18,2025-05-20T22:54:58+00:00,What is is a platform focused on leveraging AI machine learning and blockcha,neutral,0