id,created_at,clean_text
1924963598264135903,2025-05-20T23:01:00+00:00,Developers meet AI Edge Portal a new service to help streamline and accelerate testing your ondevice LiteRT ML models at scale on a diverse range of real mobile devices within Google Cloud
1924963442118562063,2025-05-20T23:00:23+00:00,AI marketing strategies leverage machine learning and automation for better outcomes Discover how they enhance segmentation and efficiency at
1924963369477365967,2025-05-20T23:00:06+00:00,Foundations of Machine Learning from MIT This 505pages book for beginners is FREE
1924963353966833941,2025-05-20T23:00:02+00:00,Congreso internacional 14 al 18 de julio Auditorio Arturo Rosenblueth First Artificial Intelligence and Machine Learning Meeting Applications to Biological Sciences aiandmlmeetingcom
1924963329929363460,2025-05-20T22:59:56+00:00,ğ—£ğ—®ğ—¶ğ—± ğ—–ğ—¼ğ˜‚ğ—¿ğ˜€ğ—² ğ—™ğ—¥ğ—˜ğ—˜ PA 2 1 Artificial Intelligence Data Analyst 2 Machine Learning Data Science 3 Cloud Comput
1924963159150137453,2025-05-20T22:59:15+00:00,Its hard for people to get their criticism of 00s EY on 10s machine learning right when they havent themselves read 00s EY or the 10s machine learning publications Or read 10s EY and the 20s publications and so on
1924963153991045206,2025-05-20T22:59:14+00:00,Machine Learning Enhances Financial Security Measures Against Fraud and National Threats
1924963083455262835,2025-05-20T22:58:57+00:00,Something I noticed again this morning is that intelligence has a MASSIVE nonlinear component This is a built in limitation for machine learning and always will be In other words for all its capabilities it can only go so far
1924962975619911953,2025-05-20T22:58:32+00:00,Cape Verde is fostering partnerships with global tech firms to bring advanced technologies such as AI and machine learning to local businesses and public services
1924962817326694504,2025-05-20T22:57:54+00:00,This is why I say curiosity and a love of learning are dying Many people would rather be spoonfed misinformation by a
1924962771021791536,2025-05-20T22:57:43+00:00,Foundations of Machine Learning from MIT This 505pages book for beginners is FREE
1924962688133718039,2025-05-20T22:57:23+00:00,This is why I say curiosity and a love of learning are dying Many people would rather be spoonfed misinformation by a
1924962506960994608,2025-05-20T22:56:40+00:00,This is why I say curiosity and a love of learning are dying Many people would rather be spoonfed misinformation by a
1924962453026140333,2025-05-20T22:56:27+00:00,Intro to Machine Learning and Statistical Pattern Classification Advanced level machine Learning course taught by
1924962264752558538,2025-05-20T22:55:42+00:00,Foundations of Machine Learning from MIT This 505pages book for beginners is FREE
1924962251565359370,2025-05-20T22:55:39+00:00,Why would they know No you just have to explain how its machine learning using your input and order input is causing it to act the same on everyones device You dumb mother fucker
1924962221907415504,2025-05-20T22:55:32+00:00,Patenting AI And Machine Learning In The Wake Of Recentive Law360
1924962220758225097,2025-05-20T22:55:32+00:00,Machine Learning Uncovers Key Risk Factors Behind Dementia in Parkinsons Patients
1924962219130794398,2025-05-20T22:55:31+00:00,MicroAlgo Inc Researches Quantum Machine Learning Algorithms to The Bakersfield Californian
1924962081645715608,2025-05-20T22:54:58+00:00,What is is a platform focused on leveraging AI machine learning and blockcha